{"alpha": 0.5, "Theta": [[0.37014455042416544, 0.10261784936742277, 0.14869989117539262], [0.12997073413464105, 0.19030802666984376, 0.2841117493748251], [0.2616527203878207, 0.3089990682122838, 0.1507020793493622], [0.23823199505337259, 0.3980750557504417, 0.4164862801004172]], "ThetaB": [0.2521451667162652, 0.2459694609981587, 0.24687717799257364, 0.2550081942930025]}