{"alpha": 0.5, "Theta": [[0.3701455428270294, 0.10261884643202497, 0.14870084977622344], [0.12996996264802851, 0.19030731578797166, 0.28411102685935985], [0.2616525614974475, 0.30899888760489486, 0.15070191460484367], [0.2382319330274904, 0.3980749501751065, 0.4164862087595666]], "ThetaB": [0.25214418588802795, 0.24597019521723534, 0.24687734587239765, 0.25500827302233914]}