{"alpha": 0.5, "Theta": [[0.5393122900039554, 0.18086451699263117, 0.18086451699263117], [0.3058217199973281, 4.34e-18, 0.6431812605843129], [0.0, 2.1924718528e-10, 0.17595422242305578], [0.15486598999871634, 0.8191354827881214, 0.0]], "ThetaB": [0.08481736522297796, 0.4244402450897627, 0.2906511281014849, 0.20009126158577442]}