{
    "w": 12,
    "alpha": 0.5,
    "k": 500,
    "Theta": [
        [0.301552, 0.08189, 0.364893, 0.334283, 0.418469, 0.187333, 0.26359, 0.220188, 0.092496, 0.22384, 0.119777, 0.18873],
        [0.273824, 0.334615, 0.241052, 0.236687, 0.184393, 0.311749, 0.15538, 0.29177, 0.392943, 0.411139, 0.478546, 0.301211],
        [0.164648, 0.419137, 0.15332, 0.228943, 0.10694, 0.26442, 0.33923, 0.162095, 0.260538, 0.168758, 0.245812, 0.227488],
        [0.259976, 0.164358, 0.240735, 0.200087, 0.290198, 0.236498, 0.2418, 0.325947, 0.254023, 0.196263, 0.155865, 0.282571]
    ],
    "ThetaB": [0.25, 0.25, 0.25, 0.25]
}