{
    "w": 3,
    "alpha": 0.5,
    "k": 500,
    "Theta": [
        [0.098258, 0.218549, 0.370898],
        [0.170535, 0.297926, 0.281861],
        [0.402283, 0.113303, 0.197992],
        [0.328924, 0.370222, 0.149249]
    ],
    "ThetaB": [0.25, 0.25, 0.25, 0.25]
}