{
    "w": 5,
    "alpha": 0.5,
    "k": 500,
    "Theta": [
        [0.142078, 0.354162, 0.224628, 0.430856, 0.158731],
        [0.248039, 0.176412, 0.342933, 0.088898, 0.264448],
        [0.401497, 0.095204, 0.198357, 0.311029, 0.419018],
        [0.208386, 0.374222, 0.234082, 0.169217, 0.157803]
    ],
    "ThetaB": [0.25, 0.25, 0.25, 0.25]
}