{
    "w": 8,
    "alpha": 0.5,
    "k": 500,
    "Theta": [
        [0.283411, 0.334751, 0.07826, 0.248679, 0.32049, 0.133221, 0.364414, 0.058364],
        [0.316893, 0.211833, 0.41998, 0.231497, 0.153139, 0.398687, 0.151703, 0.435422],
        [0.232389, 0.167823, 0.279895, 0.195155, 0.24716, 0.293675, 0.25752, 0.312953],
        [0.167307, 0.285593, 0.221865, 0.324669, 0.279211, 0.174417, 0.226363, 0.193261]
    ],
    "ThetaB": [0.25, 0.25, 0.25, 0.25]
}